{"eval/steps_per_second":42.97,"eval/samples_per_second":2306.082,"test/steps_per_second":36.013,"eval/accuracy":0.6459627329192547,"total_flos":6.2378620353e+13,"train_samples_per_second":368.636,"eval/runtime":0.0698,"_step":7,"train/epoch":6,"_wandb":{"runtime":25},"train_runtime":23.5191,"train/global_step":138,"test/samples_per_second":2292.277,"eval/loss":1.2283145189285278,"_runtime":25.773009333,"train_steps_per_second":5.868,"_timestamp":1.731042796917379e+09,"train_loss":0.8439696491628453,"test/runtime":3.1933}