{"eval/samples_per_second":2506.758,"_step":7,"eval/runtime":0.0642,"eval/steps_per_second":46.71,"train_samples_per_second":458.023,"train/global_step":138,"eval/loss":1.2283145189285278,"_wandb":{"runtime":14},"_runtime":14.073798124,"test/runtime":0.4185,"test/steps_per_second":45.404,"train_steps_per_second":7.29,"train_loss":0.8439696491628453,"train_runtime":18.9292,"_timestamp":1.7310427498327992e+09,"eval/accuracy":0.6459627329192547,"test/samples_per_second":2848.481,"total_flos":6.2378620353e+13,"train/epoch":6}